city_name,coordinates
Vindo,"[18.7029, 59.3446]"
Stockholm,"[18.0710935, 59.3251172]"
Toro,"[17.8453243, 58.8412015]"
